<assembly xmlns="http://maven.apache.org/plugins/maven-assembly-plugin/assembly/1.1.2"
          xmlns:xsi="http://www.w3.org/2001/XMLSchema-instance"
          xsi:schemaLocation="http://maven.apache.org/plugins/maven-assembly-plugin/assembly/1.1.2 http://maven.apache.org/xsd/assembly-1.1.2.xsd">
    <id>bundle</id>
    <baseDirectory>../</baseDirectory>
    <formats>
        <format>zip</format>
    </formats>

    <fileSets>
        <fileSet>
            <directory>${project.basedir}</directory>
            <includes>
                <include>README*</include>
                <include>pom.xml</include>
                <include>Procfile</include>
                <include>system.properties</include>
            </includes>
        </fileSet>
        <fileSet>
            <directory>${project.basedir}/src</directory>
            <useDefaultExcludes>true</useDefaultExcludes>
        </fileSet>
    </fileSets>

</assembly>